Program,xPONENT,,MAGPIX,,,,,,,,,,,,,
Build,4.2.1705.0,,,,,,,,,,,,,,,
Date,12/20/2021,10:50 AM,,,,,,,,,,,,,,
,,,,,,,,,,,,,,,,
SN,MAGPX16145704,,,,,,,,,,,,,,,
Batch,IgG_CovidOise0_amiens_plate2_20211220,,,,,,,,,,,,,,,
Version,1,,,,,,,,,,,,,,,
Operator,mph,,,,,,,,,,,,,,,
ComputerName,MAGPIX-PC,,,,,,,,,,,,,,,
Country Code,409,,,,,,,,,,,,,,,
ProtocolName,Covid_28plex,,,,,,,,,,,,,,,
ProtocolVersion,3,,,,,,,,,,,,,,,
ProtocolDescription,,,,,,,,,,,,,,,,
ProtocolDevelopingCompany,,,,,,,,,,,,,,,,
SampleWash,Off,,,,,,,,,,,,,,,
SampleVolume,65 uL,,,,,,,,,,,,,,,
BatchStartTime,12/20/2021 11:44:15 AM,,,,,,,,,,,,,,,
BatchStopTime,12/20/2021 12:15:53 PM,,,,,,,,,,,,,,,
BatchDescription,<None>,,,,,,,,,,,,,,,
ProtocolPlate,Name,Current 96-well plate,Type,96,Plates,1,,,,,,,,,,
ProtocolMicrosphere,Map,BP 50 regions,Type,MagPlex,Count,28,,,,,,,,,,
ProtocolAnalysis,Off,,,,,,,,,,,,,,,
NormBead,None,,,,,,,,,,,,,,,
ProtocolHeater,Off,,,,,,,,,,,,,,,
,,,,,,,,,,,,,,,,
Most Recent Calibration and Verification Results:,,,,,,,,,,,,,,,,
Last CAL Calibration,Passed 12/20/2021 10:56:41,,,,,,,,,,,,,,,
Last VER Verification,Passed 12/20/2021 10:57:43,,,,,,,,,,,,,,,
Last Fluidics Test,Passed 12/20/2021 10:59:02,,,,,,,,,,,,,,,
,,,,,,,,,,,,,,,,
CALInfo:,,,,,,,,,,,,,,,,
Calibrator,,,,,,,,,,,,,,,,
Lot,ExpirationDate,CalibrationTime,CL1Temp,CL2Temp,RP1LongTemp,RP1ShortTemp,CL1Current,CL2Current,RP1LongCurrent,RP1ShortCurrent,CL1Factor,CL2Factor,RP1LongFactor,RP1ShortFactor,Result,MachineSerialNo
B81409,05/21/2022,12/20/2021 10:56:41 AM,26.mar,26.mar,26.mar,26.mar,167,207,313,313,0.00709,0.00709,0.00395,0.11616,Pass,MAGPX16145704
,,,,,,,,,,,,,,,,
,,,,,,,,,,,,,,,,
Samples,49,Min Events,50,Per Bead,,,,,,,,,,,,
,,,,,,,,,,,,,,,,
Results,,,,,,,,,,,,,,,,
,,,,,,,,,,,,,,,,
DataType:,Median,,,,,,,,,,,,,,,
Location,Sample,Spike_6P_IPP,ME_NA,Total Events,,,,,,,,,,,,
"1(1,A1)",B,19,22,1817,,,,,,,,,,,,
"2(1,A2)",S,12722.5,1839,1772,,,,,,,,,,,,
"3(1,A3)",S,9163.5,1219,1797,,,,,,,,,,,,
"4(1,A4)",S,6735,806,1800,,,,,,,,,,,,
"5(1,A5)",S,3510,388.5,1766,,,,,,,,,,,,
"6(1,A6)",S,2277,239,1794,,,,,,,,,,,,
"7(1,A7)",S,1158,126.5,1957,,,,,,,,,,,,
"8(1,A8)",S,624.5,80,1848,,,,,,,,,,,,
"9(1,A9)",S,346.5,53,1766,,,,,,,,,,,,
"10(1,A10)",S,206,37,1717,,,,,,,,,,,,
"11(1,A11)",S,111,36,1821,,,,,,,,,,,,
"12(1,A12)",S,45.5,25,1805,,,,,,,,,,,,
"13(1,B1)",Unknown2,4658.5,365.5,1853,,,,,,,,,,,,
"14(1,B2)",Unknown10,209.5,814,1694,,,,,,,,,,,,
"15(1,B3)",Unknown18,4180,993,1789,,,,,,,,,,,,
"16(1,B4)",Unknown26,287.5,572,1890,,,,,,,,,,,,
"17(1,B5)",Unknown34,784,602,1739,,,,,,,,,,,,
"18(1,B6)",Unknown42,209,257,1818,,,,,,,,,,,,
"25(1,C1)",Unknown3,4503,931.5,1779,,,,,,,,,,,,
"26(1,C2)",Unknown11,114,205,1841,,,,,,,,,,,,
"27(1,C3)",Unknown19,144,372.5,1837,,,,,,,,,,,,
"28(1,C4)",Unknown27,1992.5,327,1830,,,,,,,,,,,,
"29(1,C5)",Unknown35,156,168.5,1711,,,,,,,,,,,,
"30(1,C6)",Unknown43,239.5,371.5,1819,,,,,,,,,,,,
"37(1,D1)",Unknown4,325.5,478.5,1689,,,,,,,,,,,,
"38(1,D2)",Unknown12,1908,1129,1924,,,,,,,,,,,,
"39(1,D3)",Unknown20,186.5,311.5,1684,,,,,,,,,,,,
"40(1,D4)",Unknown28,985,430.5,1782,,,,,,,,,,,,
"41(1,D5)",Unknown36,1598,384,1835,,,,,,,,,,,,
"49(1,E1)",Unknown5,147,183,1547,,,,,,,,,,,,
"50(1,E2)",Unknown13,123,186,1637,,,,,,,,,,,,
"51(1,E3)",Unknown21,100,210.5,1560,,,,,,,,,,,,
"52(1,E4)",Unknown29,98,193,1429,,,,,,,,,,,,
"53(1,E5)",Unknown37,206,282,1756,,,,,,,,,,,,
"61(1,F1)",Unknown6,162.5,223,1604,,,,,,,,,,,,
"62(1,F2)",Unknown14,5944,1046,1913,,,,,,,,,,,,
"63(1,F3)",Unknown22,14414,1706,1457,,,,,,,,,,,,
"64(1,F4)",SP,6626,233,1730,,,,,,,,,,,,
"65(1,F5)",Unknown38,10465,1216,1622,,,,,,,,,,,,
"73(1,G1)",Unknown7,117.5,444,1678,,,,,,,,,,,,
"74(1,G2)",Unknown15,362.5,508.5,1674,,,,,,,,,,,,
"75(1,G3)",Unknown23,6187.5,841.5,1582,,,,,,,,,,,,
"76(1,G4)",FD,14657.5,402,1648,,,,,,,,,,,,
"77(1,G5)",Unknown39,92,130,1746,,,,,,,,,,,,
"85(1,H1)",Unknown8,199.5,226,1569,,,,,,,,,,,,
"86(1,H2)",Unknown16,159,354.5,1789,,,,,,,,,,,,
"87(1,H3)",Unknown24,5140.5,973,1616,,,,,,,,,,,,
"88(1,H4)",LG,19919,376,1706,,,,,,,,,,,,
"89(1,H5)",Unknown40,1754,475,1714,,,,,,,,,,,,
,,,,,,,,,,,,,,,,
DataType:,Net MFI,,,,,,,,,,,,,,,
Location,Sample,Spike_6P_IPP,ME_NA,Total Events,,,,,,,,,,,,
"1(1,A1)",B,19,22,1817,,,,,,,,,,,,
"2(1,A2)",S,12722.5,1839,1772,,,,,,,,,,,,
"3(1,A3)",S,9163.5,1219,1797,,,,,,,,,,,,
"4(1,A4)",S,6735,806,1800,,,,,,,,,,,,
"5(1,A5)",S,3510,388.5,1766,,,,,,,,,,,,
"6(1,A6)",S,2277,239,1794,,,,,,,,,,,,
"7(1,A7)",S,1158,126.5,1957,,,,,,,,,,,,
"8(1,A8)",S,624.5,80,1848,,,,,,,,,,,,
"9(1,A9)",S,346.5,53,1766,,,,,,,,,,,,
"10(1,A10)",S,206,37,1717,,,,,,,,,,,,
"11(1,A11)",S,111,36,1821,,,,,,,,,,,,
"12(1,A12)",S,45.5,25,1805,,,,,,,,,,,,
"13(1,B1)",Unknown2,4658.5,365.5,1853,,,,,,,,,,,,
"14(1,B2)",Unknown10,209.5,814,1694,,,,,,,,,,,,
"15(1,B3)",Unknown18,4180,993,1789,,,,,,,,,,,,
"16(1,B4)",Unknown26,287.5,572,1890,,,,,,,,,,,,
"17(1,B5)",Unknown34,784,602,1739,,,,,,,,,,,,
"18(1,B6)",Unknown42,209,257,1818,,,,,,,,,,,,
"25(1,C1)",Unknown3,4503,931.5,1779,,,,,,,,,,,,
"26(1,C2)",Unknown11,114,205,1841,,,,,,,,,,,,
"27(1,C3)",Unknown19,144,372.5,1837,,,,,,,,,,,,
"28(1,C4)",Unknown27,1992.5,327,1830,,,,,,,,,,,,
"29(1,C5)",Unknown35,156,168.5,1711,,,,,,,,,,,,
"30(1,C6)",Unknown43,239.5,371.5,1819,,,,,,,,,,,,
"37(1,D1)",Unknown4,325.5,478.5,1689,,,,,,,,,,,,
"38(1,D2)",Unknown12,1908,1129,1924,,,,,,,,,,,,
"39(1,D3)",Unknown20,186.5,311.5,1684,,,,,,,,,,,,
"40(1,D4)",Unknown28,985,430.5,1782,,,,,,,,,,,,
"41(1,D5)",Unknown36,1598,384,1835,,,,,,,,,,,,
"49(1,E1)",Unknown5,147,183,1547,,,,,,,,,,,,
"50(1,E2)",Unknown13,123,186,1637,,,,,,,,,,,,
"51(1,E3)",Unknown21,100,210.5,1560,,,,,,,,,,,,
"52(1,E4)",Unknown29,98,193,1429,,,,,,,,,,,,
"53(1,E5)",Unknown37,206,282,1756,,,,,,,,,,,,
"61(1,F1)",Unknown6,162.5,223,1604,,,,,,,,,,,,
"62(1,F2)",Unknown14,5944,1046,1913,,,,,,,,,,,,
"63(1,F3)",Unknown22,14414,1706,1457,,,,,,,,,,,,
"64(1,F4)",SP,6626,233,1730,,,,,,,,,,,,
"65(1,F5)",Unknown38,10465,1216,1622,,,,,,,,,,,,
"73(1,G1)",Unknown7,117.5,444,1678,,,,,,,,,,,,
"74(1,G2)",Unknown15,362.5,508.5,1674,,,,,,,,,,,,
"75(1,G3)",Unknown23,6187.5,841.5,1582,,,,,,,,,,,,
"76(1,G4)",FD,14657.5,402,1648,,,,,,,,,,,,
"77(1,G5)",Unknown39,92,130,1746,,,,,,,,,,,,
"85(1,H1)",Unknown8,199.5,226,1569,,,,,,,,,,,,
"86(1,H2)",Unknown16,159,354.5,1789,,,,,,,,,,,,
"87(1,H3)",Unknown24,5140.5,973,1616,,,,,,,,,,,,
"88(1,H4)",LG,19919,376,1706,,,,,,,,,,,,
"89(1,H5)",Unknown40,1754,475,1714,,,,,,,,,,,,
,,,,,,,,,,,,,,,,
DataType:,Count,,,,,,,,,,,,,,,
Location,Sample,Spike_6P_IPP,ME_NA,Total Events,,,,,,,,,,,,
"1(1,A1)",B,73,61,1817,,,,,,,,,,,,
"2(1,A2)",S,46,45,1772,,,,,,,,,,,,
"3(1,A3)",S,70,58,1797,,,,,,,,,,,,
"4(1,A4)",S,65,53,1800,,,,,,,,,,,,
"5(1,A5)",S,79,52,1766,,,,,,,,,,,,
"6(1,A6)",S,59,61,1794,,,,,,,,,,,,
"7(1,A7)",S,86,58,1957,,,,,,,,,,,,
"8(1,A8)",S,80,48,1848,,,,,,,,,,,,
"9(1,A9)",S,74,64,1766,,,,,,,,,,,,
"10(1,A10)",S,59,64,1717,,,,,,,,,,,,
"11(1,A11)",S,61,45,1821,,,,,,,,,,,,
"12(1,A12)",S,66,64,1805,,,,,,,,,,,,
"13(1,B1)",Unknown2,62,60,1853,,,,,,,,,,,,
"14(1,B2)",Unknown10,74,58,1694,,,,,,,,,,,,
"15(1,B3)",Unknown18,71,71,1789,,,,,,,,,,,,
"16(1,B4)",Unknown26,70,70,1890,,,,,,,,,,,,
"17(1,B5)",Unknown34,58,54,1739,,,,,,,,,,,,
"18(1,B6)",Unknown42,66,58,1818,,,,,,,,,,,,
"25(1,C1)",Unknown3,63,52,1779,,,,,,,,,,,,
"26(1,C2)",Unknown11,76,51,1841,,,,,,,,,,,,
"27(1,C3)",Unknown19,73,66,1837,,,,,,,,,,,,
"28(1,C4)",Unknown27,68,61,1830,,,,,,,,,,,,
"29(1,C5)",Unknown35,63,48,1711,,,,,,,,,,,,
"30(1,C6)",Unknown43,76,60,1819,,,,,,,,,,,,
"37(1,D1)",Unknown4,62,64,1689,,,,,,,,,,,,
"38(1,D2)",Unknown12,59,55,1924,,,,,,,,,,,,
"39(1,D3)",Unknown20,50,56,1684,,,,,,,,,,,,
"40(1,D4)",Unknown28,63,58,1782,,,,,,,,,,,,
"41(1,D5)",Unknown36,63,64,1835,,,,,,,,,,,,
"49(1,E1)",Unknown5,65,51,1547,,,,,,,,,,,,
"50(1,E2)",Unknown13,50,48,1637,,,,,,,,,,,,
"51(1,E3)",Unknown21,64,44,1560,,,,,,,,,,,,
"52(1,E4)",Unknown29,53,41,1429,,,,,,,,,,,,
"53(1,E5)",Unknown37,57,47,1756,,,,,,,,,,,,
"61(1,F1)",Unknown6,46,45,1604,,,,,,,,,,,,
"62(1,F2)",Unknown14,62,67,1913,,,,,,,,,,,,
"63(1,F3)",Unknown22,59,49,1457,,,,,,,,,,,,
"64(1,F4)",SP,65,58,1730,,,,,,,,,,,,
"65(1,F5)",Unknown38,59,45,1622,,,,,,,,,,,,
"73(1,G1)",Unknown7,66,53,1678,,,,,,,,,,,,
"74(1,G2)",Unknown15,52,50,1674,,,,,,,,,,,,
"75(1,G3)",Unknown23,64,60,1582,,,,,,,,,,,,
"76(1,G4)",FD,52,43,1648,,,,,,,,,,,,
"77(1,G5)",Unknown39,47,54,1746,,,,,,,,,,,,
"85(1,H1)",Unknown8,60,53,1569,,,,,,,,,,,,
"86(1,H2)",Unknown16,70,58,1789,,,,,,,,,,,,
"87(1,H3)",Unknown24,62,47,1616,,,,,,,,,,,,
"88(1,H4)",LG,80,53,1706,,,,,,,,,,,,
"89(1,H5)",Unknown40,72,40,1714,,,,,,,,,,,,
,,,,,,,,,,,,,,,,
DataType:,Avg Net MFI,,,,,,,,,,,,,,,
Sample,Spike_6P_IPP,ME_NA,,,,,,,,,,,,,,
B,19,22,,,,,,,,,,,,,,
S,12722.5,1839,,,,,,,,,,,,,,
S,9163.5,1219,,,,,,,,,,,,,,
S,6735,806,,,,,,,,,,,,,,
S,3510,388.5,,,,,,,,,,,,,,
S,2277,239,,,,,,,,,,,,,,
S,1158,126.5,,,,,,,,,,,,,,
S,624.5,80,,,,,,,,,,,,,,
S,346.5,53,,,,,,,,,,,,,,
S,206,37,,,,,,,,,,,,,,
S,111,36,,,,,,,,,,,,,,
S,45.5,25,,,,,,,,,,,,,,
Unknown2,4658.5,365.5,,,,,,,,,,,,,,
Unknown10,209.5,814,,,,,,,,,,,,,,
Unknown18,4180,993,,,,,,,,,,,,,,
Unknown26,287.5,572,,,,,,,,,,,,,,
Unknown34,784,602,,,,,,,,,,,,,,
Unknown42,209,257,,,,,,,,,,,,,,
Unknown3,4503,931.5,,,,,,,,,,,,,,
Unknown11,114,205,,,,,,,,,,,,,,
Unknown19,144,372.5,,,,,,,,,,,,,,
Unknown27,1992.5,327,,,,,,,,,,,,,,
Unknown35,156,168.5,,,,,,,,,,,,,,
Unknown43,239.5,371.5,,,,,,,,,,,,,,
Unknown4,325.5,478.5,,,,,,,,,,,,,,
Unknown12,1908,1129,,,,,,,,,,,,,,
Unknown20,186.5,311.5,,,,,,,,,,,,,,
Unknown28,985,430.5,,,,,,,,,,,,,,
Unknown36,1598,384,,,,,,,,,,,,,,
Unknown5,147,183,,,,,,,,,,,,,,
Unknown13,123,186,,,,,,,,,,,,,,
Unknown21,100,210.5,,,,,,,,,,,,,,
Unknown29,98,193,,,,,,,,,,,,,,
Unknown37,206,282,,,,,,,,,,,,,,
Unknown6,162.5,223,,,,,,,,,,,,,,
Unknown14,5944,1046,,,,,,,,,,,,,,
Unknown22,14414,1706,,,,,,,,,,,,,,
SP,6626,233,,,,,,,,,,,,,,
Unknown38,10465,1216,,,,,,,,,,,,,,
Unknown7,117.5,444,,,,,,,,,,,,,,
Unknown15,362.5,508.5,,,,,,,,,,,,,,
Unknown23,6187.5,841.5,,,,,,,,,,,,,,
FD,14657.5,402,,,,,,,,,,,,,,
Unknown39,92,130,,,,,,,,,,,,,,
Unknown8,199.5,226,,,,,,,,,,,,,,
Unknown16,159,354.5,,,,,,,,,,,,,,
Unknown24,5140.5,973,,,,,,,,,,,,,,
LG,19919,376,,,,,,,,,,,,,,
Unknown40,1754,475,,,,,,,,,,,,,,
,,,,,,,,,,,,,,,,
DataType:,Mean,,,,,,,,,,,,,,,
Location,Sample,Spike_6P_IPP,ME_NA,Total Events,,,,,,,,,,,,
"1(1,A1)",B,19.71,22.93,1817,,,,,,,,,,,,
"2(1,A2)",S,13307.87,1968.67,1772,,,,,,,,,,,,
"3(1,A3)",S,9478,1294.67,1797,,,,,,,,,,,,
"4(1,A4)",S,6977.97,863.04,1800,,,,,,,,,,,,
"5(1,A5)",S,3734.96,418.79,1766,,,,,,,,,,,,
"6(1,A6)",S,2416.39,250.69,1794,,,,,,,,,,,,
"7(1,A7)",S,1201.42,136.22,1957,,,,,,,,,,,,
"8(1,A8)",S,641.69,78.65,1848,,,,,,,,,,,,
"9(1,A9)",S,355.96,54.73,1766,,,,,,,,,,,,
"10(1,A10)",S,211.8,38.34,1717,,,,,,,,,,,,
"11(1,A11)",S,116.31,35.89,1821,,,,,,,,,,,,
"12(1,A12)",S,45.82,25.34,1805,,,,,,,,,,,,
"13(1,B1)",Unknown2,4724.45,482.07,1853,,,,,,,,,,,,
"14(1,B2)",Unknown10,207.34,795.88,1694,,,,,,,,,,,,
"15(1,B3)",Unknown18,4115.07,1009.2,1789,,,,,,,,,,,,
"16(1,B4)",Unknown26,406.91,569.9,1890,,,,,,,,,,,,
"17(1,B5)",Unknown34,760.24,641.94,1739,,,,,,,,,,,,
"18(1,B6)",Unknown42,206.52,267.22,1818,,,,,,,,,,,,
"25(1,C1)",Unknown3,4515.17,997,1779,,,,,,,,,,,,
"26(1,C2)",Unknown11,122.76,213.59,1841,,,,,,,,,,,,
"27(1,C3)",Unknown19,143.04,379.38,1837,,,,,,,,,,,,
"28(1,C4)",Unknown27,2242.71,338.05,1830,,,,,,,,,,,,
"29(1,C5)",Unknown35,179.65,189.02,1711,,,,,,,,,,,,
"30(1,C6)",Unknown43,239.14,378.27,1819,,,,,,,,,,,,
"37(1,D1)",Unknown4,294.11,474.3,1689,,,,,,,,,,,,
"38(1,D2)",Unknown12,1901.81,1221.15,1924,,,,,,,,,,,,
"39(1,D3)",Unknown20,194.54,320.07,1684,,,,,,,,,,,,
"40(1,D4)",Unknown28,980.67,416.12,1782,,,,,,,,,,,,
"41(1,D5)",Unknown36,1705.57,388.06,1835,,,,,,,,,,,,
"49(1,E1)",Unknown5,149.06,207.76,1547,,,,,,,,,,,,
"50(1,E2)",Unknown13,120.72,193.94,1637,,,,,,,,,,,,
"51(1,E3)",Unknown21,101.31,211.86,1560,,,,,,,,,,,,
"52(1,E4)",Unknown29,105.23,198.44,1429,,,,,,,,,,,,
"53(1,E5)",Unknown37,212.07,301.53,1756,,,,,,,,,,,,
"61(1,F1)",Unknown6,161.41,228.93,1604,,,,,,,,,,,,
"62(1,F2)",Unknown14,6101.45,1048.12,1913,,,,,,,,,,,,
"63(1,F3)",Unknown22,14757.29,1750.9,1457,,,,,,,,,,,,
"64(1,F4)",SP,6815.88,364.43,1730,,,,,,,,,,,,
"65(1,F5)",Unknown38,10958.64,1268.56,1622,,,,,,,,,,,,
"73(1,G1)",Unknown7,140,444.09,1678,,,,,,,,,,,,
"74(1,G2)",Unknown15,368.35,538.48,1674,,,,,,,,,,,,
"75(1,G3)",Unknown23,6100.42,913.77,1582,,,,,,,,,,,,
"76(1,G4)",FD,15280,404.51,1648,,,,,,,,,,,,
"77(1,G5)",Unknown39,91.28,145.81,1746,,,,,,,,,,,,
"85(1,H1)",Unknown8,189.27,228.02,1569,,,,,,,,,,,,
"86(1,H2)",Unknown16,154.76,356.17,1789,,,,,,,,,,,,
"87(1,H3)",Unknown24,5143.21,1058.53,1616,,,,,,,,,,,,
"88(1,H4)",LG,20094.06,788.85,1706,,,,,,,,,,,,
"89(1,H5)",Unknown40,1734.29,542.65,1714,,,,,,,,,,,,
,,,,,,,,,,,,,,,,
DataType:,%CV,,,,,,,,,,,,,,,
Location,Sample,Spike_6P_IPP,ME_NA,Total Events,,,,,,,,,,,,
"1(1,A1)",B,39.71,24.52,1817,,,,,,,,,,,,
"2(1,A2)",S,20.lip,30.67,1772,,,,,,,,,,,,
"3(1,A3)",S,24.kwi,31.73,1797,,,,,,,,,,,,
"4(1,A4)",S,19.79,29.99,1800,,,,,,,,,,,,
"5(1,A5)",S,29.41,34.87,1766,,,,,,,,,,,,
"6(1,A6)",S,26.56,28.41,1794,,,,,,,,,,,,
"7(1,A7)",S,23.wrz,25.49,1957,,,,,,,,,,,,
"8(1,A8)",S,24.63,20.lut,1848,,,,,,,,,,,,
"9(1,A9)",S,24.99,23.47,1766,,,,,,,,,,,,
"10(1,A10)",S,21.92,21.54,1717,,,,,,,,,,,,
"11(1,A11)",S,22.maj,17.42,1821,,,,,,,,,,,,
"12(1,A12)",S,22.99,22.mar,1805,,,,,,,,,,,,
"13(1,B1)",Unknown2,27.81,164.68,1853,,,,,,,,,,,,
"14(1,B2)",Unknown10,30.97,21.49,1694,,,,,,,,,,,,
"15(1,B3)",Unknown18,26.13,28.47,1789,,,,,,,,,,,,
"16(1,B4)",Unknown26,108.04,30.52,1890,,,,,,,,,,,,
"17(1,B5)",Unknown34,17.49,20.65,1739,,,,,,,,,,,,
"18(1,B6)",Unknown42,22.lip,33.89,1818,,,,,,,,,,,,
"25(1,C1)",Unknown3,22.52,33.44,1779,,,,,,,,,,,,
"26(1,C2)",Unknown11,53.84,26.kwi,1841,,,,,,,,,,,,
"27(1,C3)",Unknown19,13.99,23.wrz,1837,,,,,,,,,,,,
"28(1,C4)",Unknown27,30.85,29.sty,1830,,,,,,,,,,,,
"29(1,C5)",Unknown35,110.78,48.15,1711,,,,,,,,,,,,
"30(1,C6)",Unknown43,48.66,32.02,1819,,,,,,,,,,,,
"37(1,D1)",Unknown4,41.18,21.46,1689,,,,,,,,,,,,
"38(1,D2)",Unknown12,gru.19,31.gru,1924,,,,,,,,,,,,
"39(1,D3)",Unknown20,22.lis,17.78,1684,,,,,,,,,,,,
"40(1,D4)",Unknown28,19.94,17.78,1782,,,,,,,,,,,,
"41(1,D5)",Unknown36,25.23,22.kwi,1835,,,,,,,,,,,,
"49(1,E1)",Unknown5,24.lut,51.07,1547,,,,,,,,,,,,
"50(1,E2)",Unknown13,33.27,29.46,1637,,,,,,,,,,,,
"51(1,E3)",Unknown21,36.86,16.47,1560,,,,,,,,,,,,
"52(1,E4)",Unknown29,35.13,25.87,1429,,,,,,,,,,,,
"53(1,E5)",Unknown37,25.76,41.03,1756,,,,,,,,,,,,
"61(1,F1)",Unknown6,23.91,21.cze,1604,,,,,,,,,,,,
"62(1,F2)",Unknown14,20.39,16.41,1913,,,,,,,,,,,,
"63(1,F3)",Unknown22,20.cze,21.47,1457,,,,,,,,,,,,
"64(1,F4)",SP,25.61,283.11,1730,,,,,,,,,,,,
"65(1,F5)",Unknown38,20.34,25.maj,1622,,,,,,,,,,,,
"73(1,G1)",Unknown7,44.86,21.65,1678,,,,,,,,,,,,
"74(1,G2)",Unknown15,44.68,28.19,1674,,,,,,,,,,,,
"75(1,G3)",Unknown23,17.52,42.19,1582,,,,,,,,,,,,
"76(1,G4)",FD,17.81,23.74,1648,,,,,,,,,,,,
"77(1,G5)",Unknown39,29.sty,47.12,1746,,,,,,,,,,,,
"85(1,H1)",Unknown8,31.99,26.97,1569,,,,,,,,,,,,
"86(1,H2)",Unknown16,35.53,15.95,1789,,,,,,,,,,,,
"87(1,H3)",Unknown24,17.38,37.09,1616,,,,,,,,,,,,
"88(1,H4)",LG,15.15,350.75,1706,,,,,,,,,,,,
"89(1,H5)",Unknown40,17.sty,57.43,1714,,,,,,,,,,,,
,,,,,,,,,,,,,,,,
DataType:,Peak,,,,,,,,,,,,,,,
Location,Sample,Spike_6P_IPP,ME_NA,Total Events,,,,,,,,,,,,
"1(1,A1)",B,22,19,1817,,,,,,,,,,,,
"2(1,A2)",S,14466,1819,1772,,,,,,,,,,,,
"3(1,A3)",S,8520,1069,1797,,,,,,,,,,,,
"4(1,A4)",S,6707,915,1800,,,,,,,,,,,,
"5(1,A5)",S,4836,383,1766,,,,,,,,,,,,
"6(1,A6)",S,1972,225,1794,,,,,,,,,,,,
"7(1,A7)",S,1204,111,1957,,,,,,,,,,,,
"8(1,A8)",S,512,86,1848,,,,,,,,,,,,
"9(1,A9)",S,350,51,1766,,,,,,,,,,,,
"10(1,A10)",S,198,36,1717,,,,,,,,,,,,
"11(1,A11)",S,122,38,1821,,,,,,,,,,,,
"12(1,A12)",S,41,24,1805,,,,,,,,,,,,
"13(1,B1)",Unknown2,4267,368,1853,,,,,,,,,,,,
"14(1,B2)",Unknown10,137,829,1694,,,,,,,,,,,,
"15(1,B3)",Unknown18,3331,907,1789,,,,,,,,,,,,
"16(1,B4)",Unknown26,224,609,1890,,,,,,,,,,,,
"17(1,B5)",Unknown34,802,595,1739,,,,,,,,,,,,
"18(1,B6)",Unknown42,215,255,1818,,,,,,,,,,,,
"25(1,C1)",Unknown3,4279,942,1779,,,,,,,,,,,,
"26(1,C2)",Unknown11,122,200,1841,,,,,,,,,,,,
"27(1,C3)",Unknown19,148,369,1837,,,,,,,,,,,,
"28(1,C4)",Unknown27,1877,338,1830,,,,,,,,,,,,
"29(1,C5)",Unknown35,156,183,1711,,,,,,,,,,,,
"30(1,C6)",Unknown43,289,287,1819,,,,,,,,,,,,
"37(1,D1)",Unknown4,369,531,1689,,,,,,,,,,,,
"38(1,D2)",Unknown12,1886,1109,1924,,,,,,,,,,,,
"39(1,D3)",Unknown20,176,310,1684,,,,,,,,,,,,
"40(1,D4)",Unknown28,1025,435,1782,,,,,,,,,,,,
"41(1,D5)",Unknown36,1421,354,1835,,,,,,,,,,,,
"49(1,E1)",Unknown5,168,162,1547,,,,,,,,,,,,
"50(1,E2)",Unknown13,149,169,1637,,,,,,,,,,,,
"51(1,E3)",Unknown21,100,209,1560,,,,,,,,,,,,
"52(1,E4)",Unknown29,70,199,1429,,,,,,,,,,,,
"53(1,E5)",Unknown37,254,286,1756,,,,,,,,,,,,
"61(1,F1)",Unknown6,150,209,1604,,,,,,,,,,,,
"62(1,F2)",Unknown14,5903,867,1913,,,,,,,,,,,,
"63(1,F3)",Unknown22,14433,1675,1457,,,,,,,,,,,,
"64(1,F4)",SP,6413,254,1730,,,,,,,,,,,,
"65(1,F5)",Unknown38,10441,1255,1622,,,,,,,,,,,,
"73(1,G1)",Unknown7,92,449,1678,,,,,,,,,,,,
"74(1,G2)",Unknown15,206,382,1674,,,,,,,,,,,,
"75(1,G3)",Unknown23,7246,840,1582,,,,,,,,,,,,
"76(1,G4)",FD,14506,299,1648,,,,,,,,,,,,
"77(1,G5)",Unknown39,100,127,1746,,,,,,,,,,,,
"85(1,H1)",Unknown8,216,236,1569,,,,,,,,,,,,
"86(1,H2)",Unknown16,198,351,1789,,,,,,,,,,,,
"87(1,H3)",Unknown24,6189,973,1616,,,,,,,,,,,,
"88(1,H4)",LG,23611,340,1706,,,,,,,,,,,,
"89(1,H5)",Unknown40,1967,510,1714,,,,,,,,,,,,
,,,,,,,,,,,,,,,,
DataType:,Std Dev,,,,,,,,,,,,,,,
Location,Sample,Spike_6P_IPP,ME_NA,Total Events,,,,,,,,,,,,
"1(1,A1)",B,lip.83,maj.62,1817,,,,,,,,,,,,
"2(1,A2)",S,2670.55,603.78,1772,,,,,,,,,,,,
"3(1,A3)",S,2278.28,410.8,1797,,,,,,,,,,,,
"4(1,A4)",S,1380.83,258.8,1800,,,,,,,,,,,,
"5(1,A5)",S,1098.47,146.05,1766,,,,,,,,,,,,
"6(1,A6)",S,641.82,71.21,1794,,,,,,,,,,,,
"7(1,A7)",S,277.4,34.72,1957,,,,,,,,,,,,
"8(1,A8)",S,158.08,15.74,1848,,,,,,,,,,,,
"9(1,A9)",S,88.94,gru.85,1766,,,,,,,,,,,,
"10(1,A10)",S,46.42,sie.26,1717,,,,,,,,,,,,
"11(1,A11)",S,26.17,cze.25,1821,,,,,,,,,,,,
"12(1,A12)",S,paź.53,maj.58,1805,,,,,,,,,,,,
"13(1,B1)",Unknown2,1313.92,793.89,1853,,,,,,,,,,,,
"14(1,B2)",Unknown10,64.22,171,1694,,,,,,,,,,,,
"15(1,B3)",Unknown18,1075.31,287.37,1789,,,,,,,,,,,,
"16(1,B4)",Unknown26,439.63,173.94,1890,,,,,,,,,,,,
"17(1,B5)",Unknown34,132.96,132.55,1739,,,,,,,,,,,,
"18(1,B6)",Unknown42,45.57,90.56,1818,,,,,,,,,,,,
"25(1,C1)",Unknown3,1016.78,333.36,1779,,,,,,,,,,,,
"26(1,C2)",Unknown11,66.09,56.4,1841,,,,,,,,,,,,
"27(1,C3)",Unknown19,20.sty,90.68,1837,,,,,,,,,,,,
"28(1,C4)",Unknown27,691.87,98.06,1830,,,,,,,,,,,,
"29(1,C5)",Unknown35,199.02,91.01,1711,,,,,,,,,,,,
"30(1,C6)",Unknown43,116.37,121.13,1819,,,,,,,,,,,,
"37(1,D1)",Unknown4,121.11,101.8,1689,,,,,,,,,,,,
"38(1,D2)",Unknown12,231.9,380.04,1924,,,,,,,,,,,,
"39(1,D3)",Unknown20,43.01,56.9,1684,,,,,,,,,,,,
"40(1,D4)",Unknown28,195.57,73.99,1782,,,,,,,,,,,,
"41(1,D5)",Unknown36,430.29,86.91,1835,,,,,,,,,,,,
"49(1,E1)",Unknown5,36.07,106.1,1547,,,,,,,,,,,,
"50(1,E2)",Unknown13,40.17,57.14,1637,,,,,,,,,,,,
"51(1,E3)",Unknown21,37.34,34.88,1560,,,,,,,,,,,,
"52(1,E4)",Unknown29,36.96,51.33,1429,,,,,,,,,,,,
"53(1,E5)",Unknown37,54.62,123.71,1756,,,,,,,,,,,,
"61(1,F1)",Unknown6,38.59,48.22,1604,,,,,,,,,,,,
"62(1,F2)",Unknown14,1243.98,171.94,1913,,,,,,,,,,,,
"63(1,F3)",Unknown22,3040.25,375.96,1457,,,,,,,,,,,,
"64(1,F4)",SP,1745.27,1031.76,1730,,,,,,,,,,,,
"65(1,F5)",Unknown38,2228.61,317.72,1622,,,,,,,,,,,,
"73(1,G1)",Unknown7,62.81,96.14,1678,,,,,,,,,,,,
"74(1,G2)",Unknown15,164.56,151.77,1674,,,,,,,,,,,,
"75(1,G3)",Unknown23,1068.61,385.49,1582,,,,,,,,,,,,
"76(1,G4)",FD,2720.86,96.04,1648,,,,,,,,,,,,
"77(1,G5)",Unknown39,26.48,68.71,1746,,,,,,,,,,,,
"85(1,H1)",Unknown8,60.55,61.49,1569,,,,,,,,,,,,
"86(1,H2)",Unknown16,54.98,56.8,1789,,,,,,,,,,,,
"87(1,H3)",Unknown24,893.83,392.64,1616,,,,,,,,,,,,
"88(1,H4)",LG,3044.43,2766.89,1706,,,,,,,,,,,,
"89(1,H5)",Unknown40,295.04,311.62,1714,,,,,,,,,,,,
,,,,,,,,,,,,,,,,
DataType:,Units,,,,,,,,,,,,,,,
Analyte:,Spike_6P_IPP,ME_NA,,,,,,,,,,,,,,
BeadID:,12,15,,,,,,,,,,,,,,
Units:,,,,,,,,,,,,,,,,
,,,,,,,,,,,,,,,,
DataType:,Per Bead Count,,,,,,,,,,,,,,,
Analyte:,Spike_6P_IPP,ME_NA,HKU1_S_IPP,,,,,,,,,,,,,
BeadID:,12,15,18,,,,,,,,,,,,,
Per Bead:,15,15,15,,,,,,,,,,,,,
,,,,,,,,,,,,,,,,
DataType:,Acquisition Time,,,,,,,,,,,,,,,
Location,Sample,Seconds,Total Events,,,,,,,,,,,,,
"1(1,A1)",B,39,1817,,,,,,,,,,,,,
"2(1,A2)",S,38,1772,,,,,,,,,,,,,
"3(1,A3)",S,38,1797,,,,,,,,,,,,,
"4(1,A4)",S,38,1800,,,,,,,,,,,,,
"5(1,A5)",S,38,1766,,,,,,,,,,,,,
"6(1,A6)",S,38,1794,,,,,,,,,,,,,
"7(1,A7)",S,38,1957,,,,,,,,,,,,,
"8(1,A8)",S,38,1848,,,,,,,,,,,,,
"9(1,A9)",S,38,1766,,,,,,,,,,,,,
"10(1,A10)",S,38,1717,,,,,,,,,,,,,
"11(1,A11)",S,38,1821,,,,,,,,,,,,,
"12(1,A12)",S,38,1805,,,,,,,,,,,,,
"13(1,B1)",Unknown2,39,1853,,,,,,,,,,,,,
"14(1,B2)",Unknown10,39,1694,,,,,,,,,,,,,
"15(1,B3)",Unknown18,38,1789,,,,,,,,,,,,,
"16(1,B4)",Unknown26,38,1890,,,,,,,,,,,,,
"17(1,B5)",Unknown34,38,1739,,,,,,,,,,,,,
"18(1,B6)",Unknown42,38,1818,,,,,,,,,,,,,
"25(1,C1)",Unknown3,39,1779,,,,,,,,,,,,,
"26(1,C2)",Unknown11,38,1841,,,,,,,,,,,,,
"27(1,C3)",Unknown19,38,1837,,,,,,,,,,,,,
"28(1,C4)",Unknown27,38,1830,,,,,,,,,,,,,
"29(1,C5)",Unknown35,38,1711,,,,,,,,,,,,,
"30(1,C6)",Unknown43,38,1819,,,,,,,,,,,,,
"37(1,D1)",Unknown4,39,1689,,,,,,,,,,,,,
"38(1,D2)",Unknown12,38,1924,,,,,,,,,,,,,
"39(1,D3)",Unknown20,38,1684,,,,,,,,,,,,,
"40(1,D4)",Unknown28,38,1782,,,,,,,,,,,,,
"41(1,D5)",Unknown36,38,1835,,,,,,,,,,,,,
"49(1,E1)",Unknown5,38,1547,,,,,,,,,,,,,
"50(1,E2)",Unknown13,38,1637,,,,,,,,,,,,,
"51(1,E3)",Unknown21,38,1560,,,,,,,,,,,,,
"52(1,E4)",Unknown29,38,1429,,,,,,,,,,,,,
"53(1,E5)",Unknown37,38,1756,,,,,,,,,,,,,
"61(1,F1)",Unknown6,38,1604,,,,,,,,,,,,,
"62(1,F2)",Unknown14,38,1913,,,,,,,,,,,,,
"63(1,F3)",Unknown22,38,1457,,,,,,,,,,,,,
"64(1,F4)",SP,39,1730,,,,,,,,,,,,,
"65(1,F5)",Unknown38,38,1622,,,,,,,,,,,,,
"73(1,G1)",Unknown7,38,1678,,,,,,,,,,,,,
"74(1,G2)",Unknown15,38,1674,,,,,,,,,,,,,
"75(1,G3)",Unknown23,38,1582,,,,,,,,,,,,,
"76(1,G4)",FD,38,1648,,,,,,,,,,,,,
"77(1,G5)",Unknown39,38,1746,,,,,,,,,,,,,
"85(1,H1)",Unknown8,38,1569,,,,,,,,,,,,,
"86(1,H2)",Unknown16,38,1789,,,,,,,,,,,,,
"87(1,H3)",Unknown24,38,1616,,,,,,,,,,,,,
"88(1,H4)",LG,39,1706,,,,,,,,,,,,,
"89(1,H5)",Unknown40,38,1714,,,,,,,,,,,,,
,,,,,,,,,,,,,,,,
,,,,,,,,,,,,,,,,
DataType:,Dilution Factor,,,,,,,,,,,,,,,
Location,Sample,Dilution Factor,,,,,,,,,,,,,,
"1(1,A1)",B,1,,,,,,,,,,,,,,
"2(1,A2)",S,1,,,,,,,,,,,,,,
"3(1,A3)",S,1,,,,,,,,,,,,,,
"4(1,A4)",S,1,,,,,,,,,,,,,,
"5(1,A5)",S,1,,,,,,,,,,,,,,
"6(1,A6)",S,1,,,,,,,,,,,,,,
"7(1,A7)",S,1,,,,,,,,,,,,,,
"8(1,A8)",S,1,,,,,,,,,,,,,,
"9(1,A9)",S,1,,,,,,,,,,,,,,
"10(1,A10)",S,1,,,,,,,,,,,,,,
"11(1,A11)",S,1,,,,,,,,,,,,,,
"12(1,A12)",S,1,,,,,,,,,,,,,,
"13(1,B1)",Unknown2,1,,,,,,,,,,,,,,
"14(1,B2)",Unknown10,1,,,,,,,,,,,,,,
"15(1,B3)",Unknown18,1,,,,,,,,,,,,,,
"16(1,B4)",Unknown26,1,,,,,,,,,,,,,,
"17(1,B5)",Unknown34,1,,,,,,,,,,,,,,
"18(1,B6)",Unknown42,1,,,,,,,,,,,,,,
"25(1,C1)",Unknown3,1,,,,,,,,,,,,,,
"26(1,C2)",Unknown11,1,,,,,,,,,,,,,,
"27(1,C3)",Unknown19,1,,,,,,,,,,,,,,
"28(1,C4)",Unknown27,1,,,,,,,,,,,,,,
"29(1,C5)",Unknown35,1,,,,,,,,,,,,,,
"30(1,C6)",Unknown43,1,,,,,,,,,,,,,,
"37(1,D1)",Unknown4,1,,,,,,,,,,,,,,
"38(1,D2)",Unknown12,1,,,,,,,,,,,,,,
"39(1,D3)",Unknown20,1,,,,,,,,,,,,,,
"40(1,D4)",Unknown28,1,,,,,,,,,,,,,,
"41(1,D5)",Unknown36,1,,,,,,,,,,,,,,
"49(1,E1)",Unknown5,1,,,,,,,,,,,,,,
"50(1,E2)",Unknown13,1,,,,,,,,,,,,,,
"51(1,E3)",Unknown21,1,,,,,,,,,,,,,,
"52(1,E4)",Unknown29,1,,,,,,,,,,,,,,
"53(1,E5)",Unknown37,1,,,,,,,,,,,,,,
"61(1,F1)",Unknown6,1,,,,,,,,,,,,,,
"62(1,F2)",Unknown14,1,,,,,,,,,,,,,,
"63(1,F3)",Unknown22,1,,,,,,,,,,,,,,
"64(1,F4)",SP,1,,,,,,,,,,,,,,
"65(1,F5)",Unknown38,1,,,,,,,,,,,,,,
"73(1,G1)",Unknown7,1,,,,,,,,,,,,,,
"74(1,G2)",Unknown15,1,,,,,,,,,,,,,,
"75(1,G3)",Unknown23,1,,,,,,,,,,,,,,
"76(1,G4)",FD,1,,,,,,,,,,,,,,
"77(1,G5)",Unknown39,1,,,,,,,,,,,,,,
"85(1,H1)",Unknown8,1,,,,,,,,,,,,,,
"86(1,H2)",Unknown16,1,,,,,,,,,,,,,,
"87(1,H3)",Unknown24,1,,,,,,,,,,,,,,
"88(1,H4)",LG,1,,,,,,,,,,,,,,
"89(1,H5)",Unknown40,1,,,,,,,,,,,,,,
,,,,,,,,,,,,,,,,
,,,,,,,,,,,,,,,,
DataType:,Analysis Types,,,,,,,,,,,,,,,
Analyte:,Spike_6P_IPP,ME_NA,HKU1_S_IPP,,,,,,,,,,,,,
AnalysisType,None,None,None,,,,,,,,,,,,,
,,,,,,,,,,,,,,,,
DataType:,Audit Logs,,,,,,,,,,,,,,,
UserId,Date,Message,,,,,,,,,,,,,,
,,,,,,,,,,,,,,,,
DataType:,Warnings/Errors,,,,,,,,,,,,,,,
Location,Status,Message,,,,,,,,,,,,,,
,,,,,,,,,,,,,,,,
-- CRC --,,,,,,,,,,,,,,,,
CRC32: 1006D8F1,,,,,,,,,,,,,,,,
,,,,,,,,,,,,,,,,
,,,,,,,,,,,,,,,,
,,,,,,,,,,,,,,,,
,,,,,,,,,,,,,,,,
,,,,,,,,,,,,,,,,
,,,,,,,,,,,,,,,,
,,,,,,,,,,,,,,,,
,,,,,,,,,,,,,,,,
,,,,,,,,,,,,,,,,
,,,,,,,,,,,,,,,,
,,,,,,,,,,,,,,,,
,,,,,,,,,,,,,,,,
,,,,,,,,,,,,,,,,
,,,,,,,,,,,,,,,,
,,,,,,,,,,,,,,,,
,,,,,,,,,,,,,,,,
,,,,,,,,,,,,,,,,
,,,,,,,,,,,,,,,,
,,,,,,,,,,,,,,,,
,,,,,,,,,,,,,,,,
,,,,,,,,,,,,,,,,
,,,,,,,,,,,,,,,,
,,,,,,,,,,,,,,,,
,,,,,,,,,,,,,,,,
,,,,,,,,,,,,,,,,
,,,,,,,,,,,,,,,,
,,,,,,,,,,,,,,,,
,,,,,,,,,,,,,,,,
,,,,,,,,,,,,,,,,
,,,,,,,,,,,,,,,,
,,,,,,,,,,,,,,,,
,,,,,,,,,,,,,,,,
,,,,,,,,,,,,,,,,
,,,,,,,,,,,,,,,,
,,,,,,,,,,,,,,,,
,,,,,,,,,,,,,,,,
,,,,,,,,,,,,,,,,
,,,,,,,,,,,,,,,,
,,,,,,,,,,,,,,,,
,,,,,,,,,,,,,,,,
,,,,,,,,,,,,,,,,
,,,,,,,,,,,,,,,,
,,,,,,,,,,,,,,,,
,,,,,,,,,,,,,,,,
,,,,,,,,,,,,,,,,
,,,,,,,,,,,,,,,,
,,,,,,,,,,,,,,,,
,,,,,,,,,,,,,,,,
,,,,,,,,,,,,,,,,
,,,,,,,,,,,,,,,,
,,,,,,,,,,,,,,,,
,,,,,,,,,,,,,,,,
,,,,,,,,,,,,,,,,
,,,,,,,,,,,,,,,,
,,,,,,,,,,,,,,,,
,,,,,,,,,,,,,,,,
,,,,,,,,,,,,,,,,
,,,,,,,,,,,,,,,,
,,,,,,,,,,,,,,,,
,,,,,,,,,,,,,,,,
,,,,,,,,,,,,,,,,
,,,,,,,,,,,,,,,,
,,,,,,,,,,,,,,,,
,,,,,,,,,,,,,,,,
,,,,,,,,,,,,,,,,
,,,,,,,,,,,,,,,,
,,,,,,,,,,,,,,,,
,,,,,,,,,,,,,,,,
,,,,,,,,,,,,,,,,
,,,,,,,,,,,,,,,,
,,,,,,,,,,,,,,,,
,,,,,,,,,,,,,,,,
,,,,,,,,,,,,,,,,
,,,,,,,,,,,,,,,,
,,,,,,,,,,,,,,,,
,,,,,,,,,,,,,,,,
,,,,,,,,,,,,,,,,
,,,,,,,,,,,,,,,,
,,,,,,,,,,,,,,,,
,,,,,,,,,,,,,,,,
,,,,,,,,,,,,,,,,
,,,,,,,,,,,,,,,,
,,,,,,,,,,,,,,,,
,,,,,,,,,,,,,,,,
,,,,,,,,,,,,,,,,
,,,,,,,,,,,,,,,,
,,,,,,,,,,,,,,,,
,,,,,,,,,,,,,,,,
,,,,,,,,,,,,,,,,
,,,,,,,,,,,,,,,,
,,,,,,,,,,,,,,,,
,,,,,,,,,,,,,,,,
,,,,,,,,,,,,,,,,
,,,,,,,,,,,,,,,,
,,,,,,,,,,,,,,,,
,,,,,,,,,,,,,,,,
,,,,,,,,,,,,,,,,
,,,,,,,,,,,,,,,,
,,,,,,,,,,,,,,,,
,,,,,,,,,,,,,,,,
,,,,,,,,,,,,,,,,
,,,,,,,,,,,,,,,,
,,,,,,,,,,,,,,,,
,,,,,,,,,,,,,,,,
,,,,,,,,,,,,,,,,
,,,,,,,,,,,,,,,,
,,,,,,,,,,,,,,,,
,,,,,,,,,,,,,,,,
,,,,,,,,,,,,,,,,
,,,,,,,,,,,,,,,,
,,,,,,,,,,,,,,,,
,,,,,,,,,,,,,,,,
,,,,,,,,,,,,,,,,
,,,,,,,,,,,,,,,,
,,,,,,,,,,,,,,,,
,,,,,,,,,,,,,,,,
,,,,,,,,,,,,,,,,
,,,,,,,,,,,,,,,,
,,,,,,,,,,,,,,,,
,,,,,,,,,,,,,,,,
,,,,,,,,,,,,,,,,
,,,,,,,,,,,,,,,,
,,,,,,,,,,,,,,,,
,,,,,,,,,,,,,,,,
,,,,,,,,,,,,,,,,
,,,,,,,,,,,,,,,,
